name,start_time,end_time,stage,photo_url
SKARAOKE,8/2/2013 17:30:00,8/2/2013 18:10:00,野,http://assets.thewall.tw/uploads/artist/avatar/133/large_162053ea-3001-4eda-9e2d-0a502d01a29e.jpg
TIZZY BAC,8/2/2013 18:40:00,8/2/2013 19:30:00,野,http://assets.thewall.tw/uploads/artist/avatar/6/large_494663e7-dea8-4507-a52b-dcffbe948d0d.jpg
Suede,8/2/2013 20:00:00,8/2/2013 21:40:00,野,http://assets.thewall.tw/uploads/artist/avatar/204/large_599d2e83-7983-4925-bab1-87bc51ef8bbb.jpg
Acid Rabbit,8/2/2013 19:50:00,8/2/2013 20:50:00,電,http://assets.thewall.tw/uploads/artist/avatar/297/large_812aed6c-3c2d-4db2-bdbd-904903b78289.jpg
Yosho Nori,8/2/2013 20:50:00,8/2/2013 21:50:00,電,http://assets.thewall.tw/uploads/artist/avatar/290/large_d8bd3f55-6671-47ae-9d21-16788e282713.jpg
Naja,8/2/2013 21:50:00,8/2/2013 22:50:00,電,http://assets.thewall.tw/uploads/artist/avatar/291/large_bde67fca-69f4-4606-affd-b082e5d4f7e5.jpg
Nosaj Thing,8/2/2013 22:50:00,8/2/2013 23:50:00,電,http://assets.thewall.tw/uploads/artist/avatar/214/large_feec2eb3-3096-4a71-81a6-1aff3b671e20.jpg
TOKiMONSTA,8/2/2013 23:50:00,8/3/2013 1:20:00,電,http://assets.thewall.tw/uploads/artist/avatar/209/large_32524101-0a5b-4650-aef2-f64a8f58cdd1.jpeg
Dave Nada,8/3/2013 1:20:00,8/3/2013 2:50:00,電,http://assets.thewall.tw/uploads/artist/avatar/288/large_0fa603c6-e63a-4153-ab38-33b652ab688c.jpg
James Ho,8/3/2013 2:50:00,8/3/2013 4:00:00,電,http://assets.thewall.tw/uploads/artist/avatar/289/large_b2ef43c3-5684-4f07-b572-02dbdf08042e.jpg
謊言留聲機,8/4/2013 14:10:00,8/4/2013 14:50:00,電,http://assets.thewall.tw/uploads/artist/avatar/77/large_b3245285-e25e-4eb3-9fa4-b9035ad6c2fe.jpg
Dronetonics,8/4/2013 15:20:00,8/4/2013 16:00:00,電,http://assets.thewall.tw/uploads/artist/avatar/286/large_3d311878-c203-4a0b-a61d-20a0e9287d88.jpg
go chic,8/4/2013 16:30:00,8/4/2013 17:10:00,電,http://assets.thewall.tw/uploads/artist/avatar/285/large_4412b2ae-3d3d-4adc-802d-485def7aa0d7.jpg
frande,8/4/2013 17:40:00,8/4/2013 18:20:00,電,http://assets.thewall.tw/uploads/artist/avatar/284/large_bd1c5558-477f-4ff0-9a7b-9a78087fa1ce.jpg
diskonnected,8/4/2013 18:50:00,8/4/2013 20:50:00,電,http://assets.thewall.tw/uploads/artist/avatar/296/large_d470d430-eb30-4351-84ca-62d469eda3c0.jpg
DVS1,8/4/2013 20:50:00,8/4/2013 23:50:00,電,http://assets.thewall.tw/uploads/artist/avatar/295/large_bea76a48-71d3-4bd1-998d-9be9454b9d2d.jpg
MATZKA樂團,8/4/2013 12:10:00,8/4/2013 12:50:00,野,http://assets.thewall.tw/uploads/artist/avatar/47/large_33416e96-63b2-4591-9aff-30195d1aca5e.jpg
PUFFY,8/4/2013 13:30:00,8/4/2013 14:10:00,野,http://assets.thewall.tw/uploads/artist/avatar/182/large_f815ed43-c89a-42d8-9153-d6852bc1e0a3.jpg
1976,8/4/2013 14:50:00,8/4/2013 15:30:00,野,http://assets.thewall.tw/uploads/artist/avatar/30/large_89efd72b-b257-46d0-a85e-d99eb7194f64.jpg
Deerhoof,8/4/2013 16:10:00,8/4/2013 17:00:00,野,http://assets.thewall.tw/uploads/artist/avatar/176/large_30065d4f-f74e-4a88-abd5-13d8d91a5956.jpg
KYARY PAMYU PAMYU,8/4/2013 17:40:00,8/4/2013 18:30:00,野,http://assets.thewall.tw/uploads/artist/avatar/206/large_d493e17c-1903-40b4-bb26-05a05f2caf60.jpg
Porno Graffitti,8/4/2013 19:10:00,8/4/2013 20:00:00,野,http://assets.thewall.tw/uploads/artist/avatar/207/large_9f8ecbe0-2576-420e-815f-25a3ab3690fa.jpg
The xx,8/4/2013 20:40:00,8/4/2013 22:00:00,野,http://assets.thewall.tw/uploads/artist/avatar/180/large_b6578c04-cd23-4f1f-8c28-e56489cef040.jpg
旺福,8/4/2013 11:30:00,8/4/2013 12:10:00,風,http://assets.thewall.tw/uploads/artist/avatar/123/large_a6fe2feb-54b7-4e8a-9ef4-bf7951f66930.jpg
宇宙人,8/4/2013 12:50:00,8/4/2013 13:30:00,風,http://assets.thewall.tw/uploads/artist/avatar/122/large_d5d63ff262a36f46.jpg
BIGMAMA,8/4/2013 14:10:00,8/4/2013 14:50:00,風,http://assets.thewall.tw/uploads/artist/avatar/148/large_390307e0-0dd4-4bb8-8926-6953e5f43986.jpg
HUSKING BEE,8/4/2013 15:30:00,8/4/2013 16:20:00,風,http://assets.thewall.tw/uploads/artist/avatar/184/large_6bde8a78-0010-420a-8f7b-b14e65f986e0.jpg
董事長,8/4/2013 17:00:00,8/4/2013 17:50:00,風,http://assets.thewall.tw/uploads/artist/avatar/189/large_99dfaeea-9314-436d-893b-72ead6a24d0f.jpg
MAN WITH A MISSION,8/4/2013 18:10:00,8/4/2013 19:20:00,風,http://assets.thewall.tw/uploads/artist/avatar/187/large_938910f5-1c0c-4b9c-bb81-a73efd11e68b.jpg
閃靈,8/4/2013 20:00:00,8/4/2013 21:00:00,風,http://assets.thewall.tw/uploads/artist/avatar/5/large_33ba3c83-f138-47c6-8d95-dc1a4fea101e.jpg
Manic Sheep,8/4/2013 12:00:00,8/4/2013 12:40:00,山,http://assets.thewall.tw/uploads/artist/avatar/78/large_808c3f3d-09a9-4fb7-9323-d0191fd3f0db.jpg
橙草,8/4/2013 13:10:00,8/4/2013 13:50:00,山,http://assets.thewall.tw/uploads/artist/avatar/14/large_4c422018-3cb2-4a55-bd68-11dd7b53da98.jpg
阿飛西雅,8/4/2013 14:20:00,8/4/2013 15:00:00,山,http://assets.thewall.tw/uploads/artist/avatar/99/large_33b5e3cd-ac9f-4e39-afee-1f70a3aeba7e.jpg
鄭宜農：猛虎巧克力,8/4/2013 15:30:00,8/4/2013 16:00:00,山,http://assets.thewall.tw/uploads/artist/avatar/109/large_758714ec-9fd1-4ff6-96e3-bf8fcdcc9222.jpg
女孩與機器人,8/4/2013 16:40:00,8/4/2013 17:20:00,山,http://assets.thewall.tw/uploads/artist/avatar/72/large_c3f6cae3-e4b6-4763-9430-2d78350ddc73.jpg
chochukmo觸執毛,8/4/2013 17:50:00,8/4/2013 18:30:00,山,http://assets.thewall.tw/uploads/artist/avatar/94/large_0697c414-669e-4e0d-b06e-6bc008af7fa0.jpg
The Soft Moon,8/4/2013 19:00:00,8/4/2013 19:40:00,山,http://assets.thewall.tw/uploads/artist/avatar/153/large_790abcb8-4e50-47f3-83cd-fd62447869bc.jpg
LAMA,8/4/2013 20:10:00,8/4/2013 20:50:00,山,http://assets.thewall.tw/uploads/artist/avatar/250/large_25feba76-0fa9-4f8f-9612-a9f77e34ce6f.jpg
盪在空中,8/4/2013 21:20:00,8/4/2013 22:00:00,山,http://assets.thewall.tw/uploads/artist/avatar/200/large_b2f70657-9849-49bd-92be-20b3b407cc1c.jpg
火燒島,8/4/2013 11:30:00,8/4/2013 12:10:00,石,http://assets.thewall.tw/uploads/artist/avatar/103/large_4a47f678-2e33-40ed-978d-d7ac5dcb361d.png
傷心欲絕,8/4/2013 12:40:00,8/4/2013 13:20:00,石,http://assets.thewall.tw/uploads/artist/avatar/24/large_4e53e5ba-9c53-4e83-879f-d00f85ad2707.jpg
血肉果汁機,8/4/2013 13:50:00,8/4/2013 14:30:00,石,http://assets.thewall.tw/uploads/artist/avatar/48/large_73d69f06-e068-4101-8721-8c8675733497.jpg
那我懂你意思了,8/4/2013 15:00:00,8/4/2013 15:40:00,石,http://assets.thewall.tw/uploads/artist/avatar/115/large_f5acffd4-09c1-4d2a-8b75-030982044063.JPG
Random隨性,8/4/2013 16:10:00,8/4/2013 16:50:00,石,http://assets.thewall.tw/uploads/artist/avatar/134/large_7a958455-7379-4d1c-b1a2-de9b0ea822e0.jpg
賽德費,8/4/2013 17:20:00,8/4/2013 18:00:00,石,http://assets.thewall.tw/uploads/artist/avatar/102/large_7d0a1df5-4249-4c39-9287-28293e7bbc8a.jpg
OKAMOTOS,8/4/2013 18:30:00,8/4/2013 19:10:00,石,http://assets.thewall.tw/uploads/artist/avatar/194/large_7f0aa600-92d7-4d68-a463-074e5867a618.jpg
locofrank,8/4/2013 19:40:00,8/4/2013 20:20:00,石,http://assets.thewall.tw/uploads/artist/avatar/193/large_8c46e1d3-e1a5-40ba-be3d-50805a7ca24e.jpg
濁水溪公社,8/4/2013 20:50:00,8/4/2013 21:30:00,石,http://assets.thewall.tw/uploads/artist/avatar/9/large_ccd0ef6a-20c0-4b10-8622-960530399212.jpg
記號士,8/4/2013 11:40:00,8/4/2013 12:20:00,火,http://assets.thewall.tw/uploads/artist/avatar/117/large_d4e6874c-6ca1-404a-83d3-0455bfb10409.jpg
老貓偵探社,8/4/2013 12:50:00,8/4/2013 13:30:00,火,http://assets.thewall.tw/uploads/artist/avatar/251/large_51d2e512-a545-4224-b32e-8507eb24c2c4.jpg
Blind Acid Date,8/4/2013 14:00:00,8/4/2013 14:40:00,火,http://assets.thewall.tw/uploads/artist/avatar/213/large_6c36c30c-acc5-48c0-9985-fb1d5117f07d.jpg
HiJack,8/4/2013 15:10:00,8/4/2013 15:50:00,火,http://assets.thewall.tw/uploads/artist/avatar/127/large_dcabbbec-a543-4009-9074-5ff930b6dd42.jpg
BHD,8/4/2013 16:20:00,8/4/2013 17:00:00,火,http://assets.thewall.tw/uploads/artist/avatar/281/large_32a3c613-dec1-4139-9735-a03e46cf0b60.jpg
Duda Deportiva,8/4/2013 17:30:00,8/4/2013 18:10:00,火,http://assets.thewall.tw/uploads/artist/avatar/254/large_501c6bbe-020e-441f-af7d-2bdd9a0e8eb3.png
昏鴉,8/4/2013 18:40:00,8/4/2013 19:20:00,火,http://assets.thewall.tw/uploads/artist/avatar/198/large_59d21414-a628-48cc-9a74-16011841e82b.jpg
Forests森林樂團,8/4/2013 19:50:00,8/4/2013 20:30:00,火,http://assets.thewall.tw/uploads/artist/avatar/36/large_4f441c21-89ac-4be8-a3d1-3f1d7dc0ffa4.jpg
包子虎樂團,8/4/2013 21:00:00,8/4/2013 21:40:00,火,http://assets.thewall.tw/uploads/artist/avatar/80/large_e500c431-21db-4d74-bace-e92a39bdeac2.jpg
羅思容與孤毛頭樂團,8/4/2013 12:10:00,8/4/2013 12:50:00,林,http://assets.thewall.tw/uploads/artist/avatar/275/large_65e367c7-6330-4e72-bbf4-b47c5bd6d9c7.JPG
農村武裝青年,8/4/2013 13:30:00,8/4/2013 14:10:00,林,http://assets.thewall.tw/uploads/artist/avatar/118/large_bf37dc96-7956-4379-aeac-944cd348ccf3.jpg
保卜,8/4/2013 14:50:00,8/4/2013 15:30:00,林,http://assets.thewall.tw/uploads/artist/avatar/282/large_322add51-7e1e-4149-baa4-ba54350a5d8a.jpg
小紅帽,8/4/2013 16:10:00,8/4/2013 16:50:00,林,http://assets.thewall.tw/uploads/artist/avatar/278/large_3c7a434d-c35a-4a64-affb-8fbe7cc38442.jpg
桑布伊,8/4/2013 17:40:00,8/4/2013 18:20:00,林,http://assets.thewall.tw/uploads/artist/avatar/277/large_4518ed81-a32e-4eae-b905-c61a08f6c18f.jpg
David Chen and the Muddy Basin Ramblers,8/4/2013 19:10:00,8/4/2013 19:50:00,林,http://assets.thewall.tw/uploads/artist/avatar/279/large_d69608f4-4db1-4d17-9629-44fc3aa51538.jpg
巴奈,8/4/2013 20:50:00,8/4/2013 21:30:00,林,http://assets.thewall.tw/uploads/artist/avatar/212/large_8cf81771-11ad-44b5-8b35-e0d3a61cd0f6.jpg
Easy,8/3/2013 14:20:00,8/3/2013 15:00:00,電,http://assets.thewall.tw/uploads/artist/avatar/113/large_4216d957-277e-4a38-842f-ec353e9bcd43.jpg
南瓜妮歌迷俱樂部,8/3/2013 15:30:00,8/3/2013 16:10:00,電,http://assets.thewall.tw/uploads/artist/avatar/83/large_5f4c9da5-00db-4a1e-92fa-be974de9ac45.jpg
新墨鏡,8/3/2013 16:40:00,8/3/2013 17:20:00,電,http://assets.thewall.tw/uploads/artist/avatar/171/large_8afeee1b-6484-4c75-b0eb-e9fe213f6db8.jpg
白目樂隊,8/3/2013 17:50:00,8/3/2013 18:30:00,電,http://assets.thewall.tw/uploads/artist/avatar/125/large_b3e434a0-a997-4244-aa37-b03428196d4d.JPG
Emptyset,8/3/2013 19:00:00,8/3/2013 20:00:00,電,http://assets.thewall.tw/uploads/artist/avatar/292/large_869b9728-3c1c-4820-8818-0cc8423e922c.jpg
cassegrain,8/3/2013 20:00:00,8/3/2013 21:30:00,電,http://assets.thewall.tw/uploads/artist/avatar/293/large_faaf1169-5530-4b44-92f0-450e0db4a366.jpg
Eric Cloutier,8/3/2013 21:30:00,8/3/2013 23:50:00,電,http://assets.thewall.tw/uploads/artist/avatar/294/large_f72e241f-3363-473d-851a-59e1e007250f.jpg
Eric Cloutier,8/4/2013 0:00:01,8/4/2013 0:30:00,電,http://assets.thewall.tw/uploads/artist/avatar/294/large_f72e241f-3363-473d-851a-59e1e007250f.jpg
cassegrain,8/4/2013 0:30:00,8/4/2013 3:00:00,電,http://assets.thewall.tw/uploads/artist/avatar/293/large_faaf1169-5530-4b44-92f0-450e0db4a366.jpg
Orange Range,8/3/2013 11:50:00,8/3/2013 12:40:00,野,http://assets.thewall.tw/uploads/artist/avatar/183/large_9e6d3663-f62e-405e-96fa-95046b5cffcf.JPG
JESSE and The BONEZ,8/3/2013 13:20:00,8/3/2013 14:00:00,野,http://assets.thewall.tw/uploads/artist/avatar/253/large_5e384408-9f2a-4fd4-986d-c0c2460ed97d.jpeg
林宥嘉,8/3/2013 16:10:00,8/3/2013 17:00:00,野,http://assets.thewall.tw/uploads/artist/avatar/252/large_acb7efd8-3032-4791-9610-37c99ba4c685.jpg
The Antlers,8/3/2013 17:40:00,8/3/2013 18:30:00,野,http://assets.thewall.tw/uploads/artist/avatar/205/large_4dd89351-3585-4fdd-bef6-43e0bd4324c8.jpg
脫拉庫,8/3/2013 19:10:00,8/3/2013 20:00:00,野,http://assets.thewall.tw/uploads/artist/avatar/220/large_ceeadcf2-85f5-460d-b2e3-170163c03f11.jpg
Mercury Rev.,8/3/2013 20:40:00,8/3/2013 22:00:00,野,http://assets.thewall.tw/uploads/artist/avatar/181/large_e9598574-9017-4b40-bfb4-7f915fcc8a02.jpg
929,8/3/2013 11:20:00,8/3/2013 12:00:00,風,http://assets.thewall.tw/uploads/artist/avatar/152/large_aa59afcd-8106-4694-b71e-e92458c0abe9.jpg
Blood Red Shoes,8/3/2013 12:40:00,8/3/2013 13:30:00,風,http://assets.thewall.tw/uploads/artist/avatar/191/large_ead0392d-ce95-4ef1-bd92-4d48f85b1b36.jpg
四分衛,8/3/2013 14:10:00,8/3/2013 14:50:00,風,http://assets.thewall.tw/uploads/artist/avatar/190/large_3b85926e-ddf4-4421-9e18-c1f38e60cf55.jpg
Tamaryn,8/3/2013 15:30:00,8/3/2013 16:20:00,風,http://assets.thewall.tw/uploads/artist/avatar/208/large_99732c3c-fb42-49bb-b153-24e8ac4fabb2.jpeg
envy,8/3/2013 17:00:00,8/3/2013 17:50:00,風,http://assets.thewall.tw/uploads/artist/avatar/192/large_6609374c-ce6e-4635-bfa3-3ba85995a446.jpeg
THE BIG PINK,8/3/2013 18:30:00,8/3/2013 19:20:00,風,http://assets.thewall.tw/uploads/artist/avatar/185/large_4dceb6cb-838c-48da-b5ba-ccaf0319514d.JPG
滅火器,8/3/2013 20:00:00,8/3/2013 21:00:00,風,http://assets.thewall.tw/uploads/artist/avatar/8/large_ae7f2045-fb8c-48f2-8ac9-d53b3777b529.jpg
拍謝少年,8/3/2013 12:00:00,8/3/2013 12:40:00,山,http://assets.thewall.tw/uploads/artist/avatar/19/large_e5bc593f-d85d-4892-83aa-f3b030a7a7ad.jpg
大象體操,8/3/2013 13:10:00,8/3/2013 13:50:00,山,http://assets.thewall.tw/uploads/artist/avatar/96/large_263d3ad9-4cde-45e9-979f-95d1ec572199.jpg
熊寶貝,8/3/2013 14:20:00,8/3/2013 15:00:00,山,http://assets.thewall.tw/uploads/artist/avatar/32/large_e98e99c3-1018-40ef-a867-4fecd0f65b51.jpg
甜梅號,8/3/2013 15:30:00,8/3/2013 16:10:00,山,http://assets.thewall.tw/uploads/artist/avatar/10/large_bf35168e-dbb6-4b87-9097-054a2fd64917.jpg
my little airport,8/3/2013 16:40:00,8/3/2013 17:20:00,山,http://assets.thewall.tw/uploads/artist/avatar/188/large_4e93328d-e7d7-488e-b99b-43a73b4d90a1.JPG
ciacia何欣穗,8/3/2013 17:50:00,8/3/2013 18:30:00,山,http://assets.thewall.tw/uploads/artist/avatar/217/large_271ae8e2-10fe-4c49-a300-8e2706cce728.JPG
アルカラarukara,8/3/2013 19:00:00,8/3/2013 19:40:00,山,http://assets.thewall.tw/uploads/artist/avatar/196/large_2fd17282-301b-45ba-a87a-cd9b9a0a5093.jpg
A Place To Bury Strangers,8/3/2013 20:10:00,8/3/2013 20:50:00,山,http://assets.thewall.tw/uploads/artist/avatar/186/large_767750a6-b8b7-4eb1-ad47-9ee36e5e3807.jpg
te,8/3/2013 21:20:00,8/3/2013 22:00:00,山,http://assets.thewall.tw/uploads/artist/avatar/210/large_f32c7f8a-e225-42c8-9fe0-6c5d5ad49f0c.jpg
KoOk,8/3/2013 11:30:00,8/3/2013 12:10:00,石,http://assets.thewall.tw/uploads/artist/avatar/16/large_df1fa2f2-e156-40fc-a6db-ced6e87eeec1.jpg
湯湯水水,8/3/2013 12:40:00,8/3/2013 13:20:00,石,http://assets.thewall.tw/uploads/artist/avatar/104/large_af640349-dfc4-40fa-8284-6f0afeeb8b93.jpg
非人物種,8/3/2013 13:50:00,8/3/2013 14:30:00,石,http://assets.thewall.tw/uploads/artist/avatar/128/large_5984df41-f950-4552-847c-01fb7c5c7a03.jpg
胖虎,8/3/2013 15:00:00,8/3/2013 15:40:00,石,http://assets.thewall.tw/uploads/artist/avatar/15/large_259d74c9-c88d-47fc-bdcb-eb23bd1b9a29.jpg
LOKA,8/3/2013 16:10:00,8/3/2013 16:50:00,石,http://assets.thewall.tw/uploads/artist/avatar/197/large_53f64ed9-dd79-41e2-993d-8fdadfdd131d.jpg
INFERNAL CHAOS,8/3/2013 17:20:00,8/3/2013 18:00:00,石,http://assets.thewall.tw/uploads/artist/avatar/101/large_00329a1c-e1e6-4a82-a492-6d3008cef52e.jpg
Warbringer,8/3/2013 18:30:00,8/3/2013 19:10:00,石,http://assets.thewall.tw/uploads/artist/avatar/201/large_d657e8ba-d771-4d0d-a85b-44a65f1b972a.jpg
幻日,8/3/2013 19:40:00,8/3/2013 20:20:00,石,http://assets.thewall.tw/uploads/artist/avatar/283/large_de87080a-769d-4fef-95a1-282ed02f7908.jpg
Evile,8/3/2013 20:50:00,8/3/2013 21:30:00,石,http://assets.thewall.tw/uploads/artist/avatar/195/large_da8cc759-a6e3-4d9b-ad26-91ab868232e1.jpg
巨大的轟鳴,8/3/2013 11:50:00,8/3/2013 12:30:00,火,http://assets.thewall.tw/uploads/artist/avatar/156/large_546be881-d92b-464c-84fe-79376e5fcc03.jpg
瑪莉咬凱利,8/3/2013 13:00:00,8/3/2013 13:40:00,火,http://assets.thewall.tw/uploads/artist/avatar/79/large_1b9a059c-ce02-4099-bbe9-91b825f82828.jpg
放客兄弟,8/3/2013 14:10:00,8/3/2013 14:50:00,火,http://assets.thewall.tw/uploads/artist/avatar/255/large_93a9cec9-06a0-4f7d-ac73-21ed91d60822.jpg
hush！,8/3/2013 15:20:00,8/3/2013 16:00:00,火,http://assets.thewall.tw/uploads/artist/avatar/34/large_32b9d87c-b608-463f-8ead-8b52c21018b4.jpg
聲子蟲,8/3/2013 16:30:00,8/3/2013 17:10:00,火,http://assets.thewall.tw/uploads/artist/avatar/20/large_f6aa7e99-4c26-4610-8905-5fcf6b22ec9e.jpg
Moonteg,8/3/2013 17:40:00,8/3/2013 18:20:00,火,http://assets.thewall.tw/uploads/artist/avatar/87/large_3e3ee454-e5ff-4eac-aa5c-220d22a13b66.jpg
selfkill,8/3/2013 18:50:00,8/3/2013 19:30:00,火,http://assets.thewall.tw/uploads/artist/avatar/85/large_dd0ca62d-d0f3-4b96-9293-91685361748f.jpg
假文藝青年俱樂部,8/3/2013 20:00:00,8/3/2013 20:40:00,火,http://assets.thewall.tw/uploads/artist/avatar/18/large_c618e0d6-4783-4190-a279-5d0041e007da.jpg
Crescent Lament,8/3/2013 21:10:00,8/3/2013 21:50:00,火,http://assets.thewall.tw/uploads/artist/avatar/249/large_e55edb2a-bc28-4010-84a6-785ba10b19d0.jpg
WoodyWoody樂團,8/3/2013 12:00:00,8/3/2013 12:40:00,林,http://assets.thewall.tw/uploads/artist/avatar/88/large_255927ae-79a8-4b97-bb05-c0abf3bbdd95.jpg
Silverbus,8/3/2013 13:30:00,8/3/2013 14:10:00,林,http://assets.thewall.tw/uploads/artist/avatar/37/large_1d726ace-f034-4c46-8af0-c3222921a806.jpg
葛洛力,8/3/2013 14:50:00,8/3/2013 15:30:00,林,http://assets.thewall.tw/uploads/artist/avatar/276/large_3b59a075-cb19-4667-bbc1-e558ce521c3d.jpg
Cicada,8/3/2013 16:20:00,8/3/2013 17:00:00,林,http://assets.thewall.tw/uploads/artist/avatar/199/large_50c79bd9-2c8a-40d0-ac35-f7b056ae12d8.jpg
生祥樂隊,8/3/2013 17:50:00,8/3/2013 16:30:00,林,http://assets.thewall.tw/uploads/artist/avatar/211/large_bd3f43d0-a636-459a-8c45-9d4ee5e4e7d8.JPG
來吧!焙焙!,8/3/2013 19:20:00,8/3/2013 20:00:00,林,http://assets.thewall.tw/uploads/artist/avatar/13/large_9eca24ee-90d7-4f88-914d-d99d44f10d09.jpg
TheJUNK 帆人,8/3/2013 20:30:00,8/3/2013 21:00:00,林,http://assets.thewall.tw/uploads/artist/avatar/315/large_4c538adc-d57a-495a-bca6-c28077eaca4a.jpg
Boxing,8/3/2013 21:00:00,8/3/2013 21:40:00,林,http://assets.thewall.tw/uploads/artist/avatar/280/large_6cc28c70-2f61-47d5-81ad-d0f64ac4131d.JPG
